freq[Hz]	db:Trc1_S21	ang:Trc1_S21
1.350000000000000E+011	-5.372294163927100E+000	-1.751206771526106E+002
1.350500000000000E+011	-5.334198843126321E+000	4.900205345799851E+001
1.351000000000000E+011	-5.449837380316779E+000	-8.710473584529844E+001
1.351500000000000E+011	-5.804639267489045E+000	1.352136687907646E+002
1.352000000000000E+011	-5.433532026869493E+000	-3.664007234263086E+000
1.352500000000000E+011	-5.316532539174529E+000	-1.396896340620922E+002
1.353000000000000E+011	-5.349750406951444E+000	8.486950704426050E+001
1.353500000000000E+011	-5.745089012812371E+000	-5.162663122503361E+001
1.354000000000000E+011	-5.774073715346993E+000	1.687426348911484E+002
1.354500000000000E+011	-5.472564650418137E+000	3.261280473199756E+001
1.355000000000000E+011	-5.343616526997398E+000	-1.030438383416174E+002
1.355500000000000E+011	-5.597819758495190E+000	1.209595525083280E+002
1.356000000000000E+011	-5.922618453007454E+000	-1.905114511911119E+001
1.356500000000000E+011	-5.487432981873681E+000	-1.569888841148683E+002
1.357000000000000E+011	-5.348446844737503E+000	6.725689810187694E+001
1.357500000000000E+011	-5.521678648914897E+000	-6.785017348012029E+001
1.358000000000000E+011	-5.923900612753527E+000	1.529655000578059E+002
1.358500000000000E+011	-5.551187391306700E+000	1.379834152639424E+001
1.359000000000000E+011	-5.325930069987237E+000	-1.218691144456232E+002
1.359500000000000E+011	-5.406587921013909E+000	1.037204116871058E+002
1.360000000000000E+011	-5.876973526101921E+000	-3.364621133732668E+001
1.360500000000000E+011	-5.639912539075962E+000	-1.741709478240445E+002
1.361000000000000E+011	-5.378029676409158E+000	5.061008125821994E+001
1.361500000000000E+011	-5.435224579189044E+000	-8.422182284992164E+001
1.362000000000000E+011	-5.900474537478992E+000	1.393691328725963E+002
1.362500000000000E+011	-5.770389594674862E+000	-6.980902061656095E-001
1.363000000000000E+011	-5.422891064760584E+000	-1.365225628945142E+002
1.363500000000000E+011	-5.422409363603697E+000	8.831539037595469E+001
1.364000000000000E+011	-5.725187428067262E+000	-4.770778599348527E+001
1.364500000000000E+011	-5.839400931781427E+000	1.716589925925890E+002
1.365000000000000E+011	-5.499404406154273E+000	3.568339034871364E+001
1.365500000000000E+011	-5.448726287632161E+000	-1.000922784860518E+002
1.366000000000000E+011	-5.649112395164435E+000	1.235081918440174E+002
1.366500000000000E+011	-5.878256943942429E+000	-1.604681119238073E+001
1.367000000000000E+011	-5.519026472073237E+000	-1.528458450002111E+002
1.367500000000000E+011	-5.441112041881703E+000	7.067008083353993E+001
1.368000000000000E+011	-5.509026005782971E+000	-6.635603656288208E+001
1.368500000000000E+011	-5.812911286465953E+000	1.549143106389371E+002
1.369000000000000E+011	-5.451019137032864E+000	1.706196497330075E+001
1.369500000000000E+011	-5.510504675916239E+000	-1.187592273738714E+002
1.370000000000000E+011	-5.647041199471818E+000	1.052367489753352E+002
1.370500000000000E+011	-5.900865077399696E+000	-3.195428350907791E+001
1.371000000000000E+011	-5.678463737381706E+000	-1.694433691938639E+002
1.371500000000000E+011	-5.614624174817009E+000	5.641667610449012E+001
1.372000000000000E+011	-5.564206344961748E+000	-7.966350709135638E+001
1.372500000000000E+011	-5.716623816044092E+000	1.443607449516960E+002
1.373000000000000E+011	-5.635819831993565E+000	4.944936607530183E+000
1.373500000000000E+011	-5.442541085669181E+000	-1.310992242360535E+002
1.374000000000000E+011	-5.418610324753246E+000	9.170524228127340E+001
1.374500000000000E+011	-5.565026565802485E+000	-4.528639949583827E+001
1.375000000000000E+011	-5.734770187359503E+000	1.757681093738303E+002
1.375500000000000E+011	-5.547844098264195E+000	3.780597729887207E+001
1.376000000000000E+011	-5.461391721907567E+000	-9.872331471021137E+001
1.376500000000000E+011	-5.494936368906787E+000	1.248734236417343E+002
1.377000000000000E+011	-5.851937551993049E+000	-1.259474605941907E+001
1.377500000000000E+011	-5.589774529336108E+000	-1.506461646590214E+002
1.378000000000000E+011	-5.572168202711160E+000	7.334933545354413E+001
1.378500000000000E+011	-5.543845875776936E+000	-6.237795622525821E+001
1.379000000000000E+011	-5.813763589012750E+000	1.617605085286667E+002
1.379500000000000E+011	-5.795153730972382E+000	2.354315527859495E+001
1.380000000000000E+011	-5.571800714166624E+000	-1.129285776152038E+002
1.380500000000000E+011	-5.555742157383429E+000	1.108968426827363E+002
1.381000000000000E+011	-5.732909753589781E+000	-2.388364227563932E+001
1.381500000000000E+011	-5.898458332195428E+000	-1.642373124101095E+002
1.382000000000000E+011	-5.523988658112604E+000	5.844421703252763E+001
1.382500000000000E+011	-5.535183609078362E+000	-7.792871577989928E+001
1.383000000000000E+011	-5.586337824827629E+000	1.470480639006995E+002
1.383500000000000E+011	-6.014212070025915E+000	7.112236710890755E+000
1.384000000000000E+011	-5.662871507291915E+000	-1.309650030382205E+002
1.384500000000000E+011	-5.525612994156976E+000	9.231939782994571E+001
1.385000000000000E+011	-5.580572049946359E+000	-4.284268768310518E+001
1.385500000000000E+011	-6.115170949316910E+000	-1.798999384206124E+002
1.386000000000000E+011	-5.713207349113104E+000	3.989428944559504E+001
1.386500000000000E+011	-5.518679808188419E+000	-9.583614759027651E+001
1.387000000000000E+011	-5.517520731028608E+000	1.292709954825880E+002
1.387500000000000E+011	-5.995341579736708E+000	-6.763950766386317E+000
1.388000000000000E+011	-5.828588562557396E+000	-1.467931636064778E+002
1.388500000000000E+011	-5.519072967824979E+000	7.770135293477382E+001
1.389000000000000E+011	-5.549693879997743E+000	-5.748462939468591E+001
1.389500000000000E+011	-5.898809471905939E+000	1.674400438949023E+002
1.390000000000000E+011	-5.935471194286524E+000	2.614931054624337E+001
1.390500000000000E+011	-5.522560913579647E+000	-1.097848260707727E+002
1.391000000000000E+011	-5.550711947560353E+000	1.148392472185053E+002
1.391500000000000E+011	-5.936084597446400E+000	-2.086902656568475E+001
1.392000000000000E+011	-6.116656109790131E+000	-1.618689458796959E+002
1.392500000000000E+011	-5.590834937310853E+000	6.059096030510959E+001
1.393000000000000E+011	-5.550722160028639E+000	-7.504819846959207E+001
1.393500000000000E+011	-5.717092683380115E+000	1.492689538058178E+002
1.394000000000000E+011	-6.046863330507025E+000	9.003936278563558E+000
1.394500000000000E+011	-5.676758218079459E+000	-1.284688718796257E+002
1.395000000000000E+011	-5.520056571192447E+000	9.657786422607299E+001
1.395500000000000E+011	-5.650014512766266E+000	-3.918745599841743E+001
1.396000000000000E+011	-5.956969482755200E+000	-1.763276683179844E+002
1.396500000000000E+011	-5.694617584243857E+000	4.498934045955044E+001
1.397000000000000E+011	-5.549142269053048E+000	-9.044437358623090E+001
1.397500000000000E+011	-5.721455839205929E+000	1.342775434628983E+002
1.398000000000000E+011	-5.906460766485291E+000	-2.985504566181586E+000
1.398500000000000E+011	-5.871068123116940E+000	-1.413432444239949E+002
1.399000000000000E+011	-5.749671085664941E+000	8.215933258962140E+001
1.399500000000000E+011	-5.678039205672071E+000	-5.355433396744203E+001
1.400000000000000E+011	-5.943534473300111E+000	1.693500074964868E+002
1.400500000000000E+011	-5.989069048770226E+000	2.989122665177824E+001
1.401000000000000E+011	-5.766871729812324E+000	-1.073042662057149E+002
1.401500000000000E+011	-5.613635769754027E+000	1.162984639057263E+002
1.402000000000000E+011	-5.897324266959446E+000	-1.885441627652827E+001
1.402500000000000E+011	-6.046504018356693E+000	-1.582650840542922E+002
1.403000000000000E+011	-5.805081630022821E+000	6.253133672686859E+001
1.403500000000000E+011	-5.555332782450790E+000	-7.239774382645150E+001
1.404000000000000E+011	-5.706223989471955E+000	1.532154025070727E+002
1.404500000000000E+011	-6.160831701814113E+000	1.569587000074480E+001
1.405000000000000E+011	-5.949139618752660E+000	-1.241584675399264E+002
1.405500000000000E+011	-5.581713511623147E+000	1.002353835720803E+002
1.406000000000000E+011	-5.607839723646737E+000	-3.372239463788647E+001
1.406500000000000E+011	-6.089981445990834E+000	-1.696193560620322E+002
1.407000000000000E+011	-6.164561627330252E+000	4.977652282038849E+001
1.407500000000000E+011	-5.677629566765584E+000	-8.691794323359706E+001
1.408000000000000E+011	-5.587642887530794E+000	1.387454400459118E+002
1.408500000000000E+011	-5.917554280024877E+000	3.390754190442803E+000
1.409000000000000E+011	-6.305204002723767E+000	-1.371750074129494E+002
1.409500000000000E+011	-5.635662089330206E+000	8.454522125624523E+001
1.410000000000000E+011	-5.540012485053528E+000	-5.079275024064440E+001
1.410500000000000E+011	-5.707082549840458E+000	1.737941320324062E+002
1.411000000000000E+011	-6.312013100312337E+000	3.433840541182959E+001
1.411500000000000E+011	-5.754937378494825E+000	-1.052017732333890E+002
1.412000000000000E+011	-5.623329551408328E+000	1.202694671506116E+002
1.412500000000000E+011	-5.721368195932146E+000	-1.506262494290278E+001
1.413000000000000E+011	-6.332093573560739E+000	-1.520877288243828E+002
1.413500000000000E+011	-5.929356729565153E+000	6.660142303867235E+001
1.414000000000000E+011	-5.627235766961343E+000	-6.732942184175664E+001
1.414500000000000E+011	-5.758892412331899E+000	1.582422282923765E+002
1.415000000000000E+011	-6.165026783681384E+000	2.217024702778732E+001
1.415500000000000E+011	-6.130073782790633E+000	-1.182273786107914E+002
1.416000000000000E+011	-5.615688450510531E+000	1.058493956052537E+002
1.416500000000000E+011	-5.648414634862657E+000	-2.933692658526102E+001
1.417000000000000E+011	-6.052025055023687E+000	-1.654600749400024E+002
1.417500000000000E+011	-6.084516763850616E+000	5.388095327997659E+001
1.418000000000000E+011	-5.736214565196513E+000	-8.270289784577159E+001
1.418500000000000E+011	-5.833739927420812E+000	1.420795888397458E+002
1.419000000000000E+011	-6.084659994599210E+000	5.557867871521054E+000
1.419500000000000E+011	-6.220835200356226E+000	-1.335645898005621E+002
1.420000000000000E+011	-5.903057271239523E+000	8.922430435528280E+001
1.420500000000000E+011	-5.832236983737251E+000	-4.632624486700612E+001
1.421000000000000E+011	-6.016583206358151E+000	1.783885433030436E+002
1.421500000000000E+011	-6.196025076945241E+000	4.034934468064544E+001
1.422000000000000E+011	-6.015082712592907E+000	-9.799312253391203E+001
1.422500000000000E+011	-5.792106657439314E+000	1.260447234764584E+002
1.423000000000000E+011	-5.794044326305605E+000	-8.830612303793441E+000
1.423500000000000E+011	-6.159839881050131E+000	-1.447708391213249E+002
1.424000000000000E+011	-6.293038786444194E+000	7.578006723279700E+001
1.424500000000000E+011	-5.974951390218593E+000	-6.112430713399100E+001
1.425000000000000E+011	-5.786607820079154E+000	1.638444845110386E+002
1.425500000000000E+011	-6.048228249588780E+000	2.883372040536350E+001
1.426000000000000E+011	-6.515746408992040E+000	-1.093853047635482E+002
1.426500000000000E+011	-6.256016341605490E+000	1.108221318228169E+002
1.427000000000000E+011	-5.882110711104887E+000	-2.455888120157846E+001
1.427500000000000E+011	-6.021555074404649E+000	-1.584055614865041E+002
1.428000000000000E+011	-6.577098187449725E+000	6.437249725712705E+001
1.428500000000000E+011	-6.379879968345495E+000	-7.707019567310184E+001
1.429000000000000E+011	-6.024633145569974E+000	1.465118453801987E+002
1.429500000000000E+011	-5.981230606582191E+000	1.286419295915348E+001
1.430000000000000E+011	-6.523847104855648E+000	-1.225018942760626E+002
1.430500000000000E+011	-6.607851297825940E+000	9.590045716842192E+001
1.431000000000000E+011	-6.088733010594866E+000	-4.045069892233523E+001
1.431500000000000E+011	-5.957935610569227E+000	-1.740838157308934E+002
1.432000000000000E+011	-6.325219935594481E+000	5.096904559326168E+001
1.432500000000000E+011	-6.718896160224780E+000	-8.970265027407550E+001
1.433000000000000E+011	-6.159021526654699E+000	1.333989044948859E+002
1.433500000000000E+011	-6.019564106046455E+000	-4.273981842532858E-001
1.434000000000000E+011	-6.248366276476962E+000	-1.343790188467005E+002
1.434500000000000E+011	-6.780392922079583E+000	8.629929069097160E+001
1.435000000000000E+011	-6.279182420018785E+000	-5.177534298704657E+001
1.435500000000000E+011	-5.998802350164703E+000	1.730080304425251E+002
1.436000000000000E+011	-6.104815853425015E+000	3.839979591675540E+001
1.436500000000000E+011	-6.686072244141993E+000	-1.004242162886132E+002
1.437000000000000E+011	-6.208363198168138E+000	1.199968307672757E+002
1.437500000000000E+011	-6.008040062417187E+000	-1.628904156731571E+001
1.438000000000000E+011	-6.049945675945520E+000	-1.512466609601748E+002
1.438500000000000E+011	-6.675727548616169E+000	7.139330619257564E+001
1.439000000000000E+011	-6.266309555750135E+000	-6.825963440009836E+001
1.439500000000000E+011	-6.053240062550207E+000	1.561331963084175E+002
1.440000000000000E+011	-6.117088703962906E+000	2.124877738425990E+001
1.440500000000000E+011	-6.612185719746655E+000	-1.148504831649512E+002
1.441000000000000E+011	-6.383937366054749E+000	1.056161191435955E+002
1.441500000000000E+011	-6.225180448491303E+000	-2.935052822584982E+001
1.442000000000000E+011	-6.203676368840937E+000	-1.637565226937393E+002
1.442500000000000E+011	-6.512943881753795E+000	6.077786764100843E+001
1.443000000000000E+011	-6.560684965977009E+000	-7.876684466211115E+001
1.443500000000000E+011	-6.284649472878381E+000	1.450475431840075E+002
1.444000000000000E+011	-6.248248820274568E+000	9.599970807754962E+000
1.444500000000000E+011	-6.506452146439114E+000	-1.267651680021180E+002
1.445000000000000E+011	-6.588307263058463E+000	9.408574535605750E+001
1.445500000000000E+011	-6.384772848962697E+000	-4.314321902788537E+001
1.446000000000000E+011	-6.415580910121024E+000	-1.791534798340247E+002
1.446500000000000E+011	-6.457983870236885E+000	4.449083618172526E+001
1.447000000000000E+011	-6.682585609625455E+000	-9.255543099418026E+001
1.447500000000000E+011	-6.542277619121856E+000	1.302240501552387E+002
1.448000000000000E+011	-6.447845019565922E+000	-5.701725580768886E+000
1.448500000000000E+011	-6.475369939892252E+000	-1.415108776291249E+002
1.449000000000000E+011	-6.580768954669066E+000	8.280987756348017E+001
1.449500000000000E+011	-6.656323150220815E+000	-5.492962540063976E+001
1.450000000000000E+011	-6.438503268470008E+000	1.690106376752889E+002
1.450500000000000E+011	-6.365973824445433E+000	3.374715730639861E+001
1.451000000000000E+011	-6.389709142733164E+000	-1.013360977173786E+002
1.451500000000000E+011	-6.733063039924270E+000	1.207506611913152E+002
1.452000000000000E+011	-6.449233322460078E+000	-1.714747268473730E+001
1.452500000000000E+011	-6.159258093415188E+000	-1.523489186303150E+002
1.453000000000000E+011	-6.284984741031496E+000	7.228685726429417E+001
1.453500000000000E+011	-6.767650312456249E+000	-6.451109942126502E+001
1.454000000000000E+011	-6.502984223694185E+000	1.550319049558887E+002
1.454500000000000E+011	-6.134121623638397E+000	1.904109624885572E+001
1.455000000000000E+011	-6.244566702771364E+000	-1.156484465121375E+002
1.455500000000000E+011	-6.581379927623248E+000	1.074552743098185E+002
1.456000000000000E+011	-6.808558184531951E+000	-3.321530385789988E+001
1.456500000000000E+011	-6.147400760311380E+000	-1.689238270710978E+002
1.457000000000000E+011	-6.171081094611056E+000	5.659442946061475E+001
1.457500000000000E+011	-6.457260840721665E+000	-7.965251162502874E+001
1.458000000000000E+011	-6.785019505363286E+000	1.418957523296186E+002
1.458500000000000E+011	-6.172852372919516E+000	4.640515770438358E+000
1.459000000000000E+011	-6.209839721209772E+000	-1.285030853982614E+002
1.459500000000000E+011	-6.358443930682582E+000	9.603541717610089E+001
1.460000000000000E+011	-6.756586502038286E+000	-4.150198030050781E+001
1.460500000000000E+011	-6.242444131498453E+000	-1.795457319281349E+002
1.461000000000000E+011	-6.159359536829856E+000	4.583390792999209E+001
1.461500000000000E+011	-6.310685203489023E+000	-9.005478464440452E+001
1.462000000000000E+011	-6.714745462201177E+000	1.319120178541473E+002
1.462500000000000E+011	-6.332799552943255E+000	-8.109189640255801E+000
1.463000000000000E+011	-6.204952337779808E+000	-1.437297820186811E+002
1.463500000000000E+011	-6.269964558080948E+000	8.011295483429772E+001
1.464000000000000E+011	-6.596926478711316E+000	-5.682331288665215E+001
1.464500000000000E+011	-6.423659734325325E+000	1.630000737632020E+002
1.465000000000000E+011	-6.214785156556666E+000	2.766956452441374E+001
1.465500000000000E+011	-6.324656574885260E+000	-1.070316663558877E+002
1.466000000000000E+011	-6.689316820444827E+000	1.167788951233561E+002
1.466500000000000E+011	-6.524113988882633E+000	-2.205520310633639E+001
1.467000000000000E+011	-6.313849238344708E+000	-1.569573131903077E+002
1.467500000000000E+011	-6.370331853052868E+000	6.832010158870831E+001
1.468000000000000E+011	-6.722385426468748E+000	-6.714803202103920E+001
1.468500000000000E+011	-6.763064214102970E+000	1.541582431358774E+002
1.469000000000000E+011	-6.488312257712704E+000	1.799927142754311E+001
1.469500000000000E+011	-6.475786625438560E+000	-1.174579095256610E+002
1.470000000000000E+011	-6.714492273426202E+000	1.058538544108054E+002
1.470500000000000E+011	-6.957158461737055E+000	-3.174883781246940E+001
1.471000000000000E+011	-6.651727115111041E+000	-1.691413400431112E+002
1.471500000000000E+011	-6.461169943019792E+000	5.403173317265093E+001
1.472000000000000E+011	-6.607046680925206E+000	-8.144117960612691E+001
1.472500000000000E+011	-6.935959532430776E+000	1.415279630255401E+002
1.473000000000000E+011	-6.882929519324263E+000	2.700631718648288E+000
1.473500000000000E+011	-6.675577870958409E+000	-1.336610813873141E+002
1.474000000000000E+011	-6.515129258151982E+000	9.142770945660963E+001
1.474500000000000E+011	-6.801611809537685E+000	-4.416716734127093E+001
1.475000000000000E+011	-7.088721326369617E+000	1.777477780545061E+002
1.475500000000000E+011	-6.910415386833249E+000	3.981598676328569E+001
1.476000000000000E+011	-6.630167847452667E+000	-9.457816812108601E+001
1.476500000000000E+011	-6.825999093881775E+000	1.329461052065317E+002
1.477000000000000E+011	-7.277375058103770E+000	-4.613561648914090E+000
1.477500000000000E+011	-7.055308952941885E+000	-1.438724168105507E+002
1.478000000000000E+011	-6.499528058130404E+000	8.152706385499815E+001
1.478500000000000E+011	-6.518164194408207E+000	-5.222632006481253E+001
1.479000000000000E+011	-7.137455634368426E+000	1.707890530327053E+002
1.479500000000000E+011	-6.914069394903457E+000	2.847988550588486E+001
1.480000000000000E+011	-6.480132643551674E+000	-1.081790513339072E+002
1.480500000000000E+011	-6.436723205086120E+000	1.179804417592979E+002
1.481000000000000E+011	-7.105288299087823E+000	-1.713442769095024E+001
1.481500000000000E+011	-7.377908717701311E+000	-1.600671932458451E+002
1.482000000000000E+011	-6.637080716714775E+000	6.299086788165970E+001
1.482500000000000E+011	-6.507594343656947E+000	-7.094316713147288E+001
1.483000000000000E+011	-6.910630248648227E+000	1.553712661734452E+002
1.483500000000000E+011	-7.503498734306636E+000	1.583733148597547E+001
1.484000000000000E+011	-6.901568453498357E+000	-1.231797350625073E+002
1.484500000000000E+011	-6.777420052303272E+000	1.036068224177088E+002
1.485000000000000E+011	-6.877617302290440E+000	-2.826946062713331E+001
1.485500000000000E+011	-7.445103935110713E+000	-1.649514880925609E+002
1.486000000000000E+011	-7.081910802278188E+000	5.516746663151332E+001
1.486500000000000E+011	-6.743455522769065E+000	-7.998618597299002E+001
1.487000000000000E+011	-6.660003913020858E+000	1.453928132396292E+002
1.487500000000000E+011	-7.331323772979747E+000	8.781489913336991E+000
1.488000000000000E+011	-7.058456307434191E+000	-1.304506068228505E+002
1.488500000000000E+011	-6.898944714263966E+000	9.292695309577775E+001
1.489000000000000E+011	-6.693649405046388E+000	-4.275407762622611E+001
1.489500000000000E+011	-7.136043806300148E+000	-1.782962122842905E+002
1.490000000000000E+011	-6.964076631254504E+000	4.218537932446699E+001
1.490500000000000E+011	-6.926826834373978E+000	-9.380708736522124E+001
1.491000000000000E+011	-6.728233940227754E+000	1.310008156200866E+002
1.491500000000000E+011	-7.064353234969745E+000	-4.666664689832985E+000
1.492000000000000E+011	-6.993449593294224E+000	-1.440685072072099E+002
1.492500000000000E+011	-6.614644768194217E+000	8.077606837009394E+001
1.493000000000000E+011	-6.629393483630579E+000	-5.459778179349937E+001
1.493500000000000E+011	-6.871574647401839E+000	1.703086138947516E+002
1.494000000000000E+011	-7.005092092764237E+000	3.120254753998210E+001
1.494500000000000E+011	-6.567720602121769E+000	-1.053525324106197E+002
1.495000000000000E+011	-6.459724598694828E+000	1.197952852710388E+002
1.495500000000000E+011	-6.640819159555000E+000	-1.555365433618354E+001
1.496000000000000E+011	-6.810664193293833E+000	-1.536022921010560E+002
1.496500000000000E+011	-6.635264927713624E+000	6.724237581188440E+001
1.497000000000000E+011	-6.490973562344813E+000	-6.782719950648236E+001
1.497500000000000E+011	-6.577089516228858E+000	1.564483267647977E+002
1.498000000000000E+011	-6.644473833751476E+000	2.173619099852794E+001
1.498500000000000E+011	-6.806197539545544E+000	-1.175121612207958E+002
1.499000000000000E+011	-6.536572286532683E+000	1.058576165711152E+002
1.499500000000000E+011	-6.512473926224127E+000	-3.043816740280405E+001
1.500000000000000E+011	-6.629630496153020E+000	-1.660052397387010E+002
1.500500000000000E+011	-6.799397093965313E+000	5.557070592784726E+001
1.501000000000000E+011	-6.606658549497821E+000	-8.251777374335235E+001
1.501500000000000E+011	-6.578384817265902E+000	1.425678204272739E+002
1.502000000000000E+011	-6.597093757674526E+000	7.690102745394022E+000
1.502500000000000E+011	-6.870590669277246E+000	-1.286577490354692E+002
1.503000000000000E+011	-6.822140112849894E+000	9.181177752426268E+001
1.503500000000000E+011	-6.544108442784229E+000	-4.219279516014122E+001
1.504000000000000E+011	-6.607070242999505E+000	-1.768315545364711E+002
1.504500000000000E+011	-6.958492992708128E+000	4.704348728724790E+001
1.505000000000000E+011	-7.088291557076629E+000	-9.247181471389514E+001
1.505500000000000E+011	-6.719932539070141E+000	1.306185103501612E+002
1.506000000000000E+011	-6.596589183453617E+000	-3.528585570356764E+000
1.506500000000000E+011	-6.991572622998913E+000	-1.383072455315211E+002
1.507000000000000E+011	-7.195041266788696E+000	8.155436427007763E+001
1.507500000000000E+011	-6.815187047472102E+000	-5.687471661357828E+001
1.508000000000000E+011	-6.562832855612491E+000	1.686208578955882E+002
1.508500000000000E+011	-6.786915732950876E+000	3.436585438982694E+001
1.509000000000000E+011	-7.348178009993582E+000	-1.040226755997431E+002
1.509500000000000E+011	-6.892544598441551E+000	1.173219557284031E+002
1.510000000000000E+011	-6.718845462059458E+000	-1.840265774979707E+001
1.510500000000000E+011	-6.566712621842712E+000	-1.518847773616475E+002
1.511000000000000E+011	-7.243249016937322E+000	7.153515634524413E+001
1.511500000000000E+011	-7.045293496726888E+000	-6.818770959549822E+001
1.512000000000000E+011	-6.774337070021581E+000	1.561285117094101E+002
1.512500000000000E+011	-6.769947871018105E+000	2.283968473062998E+001
1.513000000000000E+011	-7.080797209700060E+000	-1.125316913729657E+002
1.513500000000000E+011	-7.228426474816465E+000	1.071685592810919E+002
1.514000000000000E+011	-6.967399915110599E+000	-2.828387117687431E+001
1.514500000000000E+011	-6.883481484820953E+000	-1.636096518847096E+002
1.515000000000000E+011	-7.110125667395109E+000	6.174015045233328E+001
1.515500000000000E+011	-7.347190503417416E+000	-7.711626075323918E+001
1.516000000000000E+011	-7.078238464621338E+000	1.458209456281828E+002
1.516500000000000E+011	-7.016300349872773E+000	1.090573658640151E+001
1.517000000000000E+011	-7.007993241640794E+000	-1.247055338113455E+002
1.517500000000000E+011	-7.330513466347661E+000	9.854996104506998E+001
1.518000000000000E+011	-7.072946190690626E+000	-3.961957605095602E+001
1.518500000000000E+011	-7.066801694343292E+000	-1.753084646102148E+002
1.519000000000000E+011	-7.101525230221452E+000	4.923401662400116E+001
1.519500000000000E+011	-7.222922812682349E+000	-8.699965445141714E+001
1.520000000000000E+011	-7.069697810902582E+000	1.356623413678649E+002
1.520500000000000E+011	-6.868210544107180E+000	-1.759254267163167E-001
1.521000000000000E+011	-6.980569753911883E+000	-1.362353043658910E+002
1.521500000000000E+011	-7.094965213731564E+000	8.769238151478582E+001
1.522000000000000E+011	-7.066940651471333E+000	-4.973346125850878E+001
1.522500000000000E+011	-6.803571393812791E+000	1.746435430972602E+002
1.523000000000000E+011	-6.895985652178822E+000	3.992332036098887E+001
1.523500000000000E+011	-6.938418515157323E+000	-9.660912681906702E+001
1.524000000000000E+011	-7.113226500949011E+000	1.256714938770518E+002
1.524500000000000E+011	-6.835692819167103E+000	-1.156301976027423E+001
1.525000000000000E+011	-6.739184695816141E+000	-1.469701736826392E+002
1.525500000000000E+011	-6.883358703193644E+000	7.678773283757025E+001
1.526000000000000E+011	-7.095921921838513E+000	-6.066214884461675E+001
1.526500000000000E+011	-6.984453708356788E+000	1.604524789781793E+002
1.527000000000000E+011	-6.733157986517330E+000	2.418439932139163E+001
1.527500000000000E+011	-6.821772289732148E+000	-1.110370552717326E+002
1.528000000000000E+011	-7.104567029662662E+000	1.127941646150699E+002
1.528500000000000E+011	-7.247831691312058E+000	-2.570164107321615E+001
1.529000000000000E+011	-6.881822367701840E+000	-1.617535285165238E+002
1.529500000000000E+011	-6.862804520489255E+000	6.378543083309224E+001
1.530000000000000E+011	-7.023684406565996E+000	-7.133998070201962E+001
1.530500000000000E+011	-7.309306112364220E+000	1.507508347425417E+002
1.531000000000000E+011	-6.973472710824623E+000	1.355620660504222E+001
1.531500000000000E+011	-6.923385835647594E+000	-1.211410569324388E+002
1.532000000000000E+011	-7.067276637580025E+000	1.035929415880448E+002
1.532500000000000E+011	-7.408390978552207E+000	-3.383465091473597E+001
1.533000000000000E+011	-7.215156585000705E+000	-1.719600040386894E+002
1.533500000000000E+011	-7.083400157854615E+000	5.268026551723738E+001
1.534000000000000E+011	-7.204586592083714E+000	-8.315784058724076E+001
1.534500000000000E+011	-7.505240821065968E+000	1.402715494308411E+002
1.535000000000000E+011	-7.478233082138887E+000	1.681257318385316E+000
1.535500000000000E+011	-7.403681145366118E+000	-1.338642129333126E+002
1.536000000000000E+011	-7.447642421699396E+000	9.014338914777994E+001
1.536500000000000E+011	-7.649495987487691E+000	-4.537205873565434E+001
1.537000000000000E+011	-7.710963945110947E+000	1.766492927414866E+002
1.537500000000000E+011	-7.580885160924130E+000	4.080987601101829E+001
1.538000000000000E+011	-7.728355910338046E+000	-9.438595043790487E+001
1.538500000000000E+011	-7.796702175790419E+000	1.294190351744638E+002
1.539000000000000E+011	-7.860434122647377E+000	-6.114299166252398E+000
1.539500000000000E+011	-7.719803760080955E+000	-1.417247507960222E+002
1.540000000000000E+011	-7.908659687821738E+000	8.304381484743752E+001
1.540500000000000E+011	-8.086236470599587E+000	-5.313812687922378E+001
1.541000000000000E+011	-7.923223054950921E+000	1.719896875704073E+002
1.541500000000000E+011	-7.807275820446955E+000	3.691322909960849E+001
1.542000000000000E+011	-7.748237378902677E+000	-9.873232107265461E+001
1.542500000000000E+011	-7.971832807590557E+000	1.249881205769855E+002
1.543000000000000E+011	-7.894130004294127E+000	-1.205658093364652E+001
1.543500000000000E+011	-7.688051804478195E+000	-1.493396364374154E+002
1.544000000000000E+011	-7.642472886349784E+000	7.563943895742771E+001
1.544500000000000E+011	-7.757295287431560E+000	-6.083453633997858E+001
1.545000000000000E+011	-7.827515331383032E+000	1.623932189671264E+002
1.545500000000000E+011	-7.669844181557193E+000	2.460097469357236E+001
1.546000000000000E+011	-7.412875099162949E+000	-1.105536607613122E+002
1.546500000000000E+011	-7.404476653488219E+000	1.142926764394618E+002
1.547000000000000E+011	-7.549863172083984E+000	-2.230893651008901E+001
1.547500000000000E+011	-7.544136635571907E+000	-1.585867291936368E+002
1.548000000000000E+011	-7.244174968547744E+000	6.449260851506611E+001
1.548500000000000E+011	-7.149270652149633E+000	-6.978494789623031E+001
1.549000000000000E+011	-7.303817166515186E+000	1.548102654181041E+002
1.549500000000000E+011	-7.566337893758355E+000	1.771098270748443E+001
1.550000000000000E+011	-7.333477677530680E+000	-1.202901969897118E+002